Eruption ID,Volcano Name,Eruption Year,Eruption Type,VEI,Start Date,End Date,Latitude,Longitude,Lava Flow Area (sq km),Lava Flow Distance (km),Hazard Zones,Ash Fallout (sq km),Damage,Evacuation,geometry
1,Etna,2022,Lava Flow,2,2022-11-27,2022-12-17,37.748,14.999,150,3.5,High,50,Moderate,Yes,POINT (14.999 37.748)
2,Etna,2013,Pyroclastic Flow,3,2013-09-03,2013-09-17,37.748,14.999,200,4.0,High,100,Severe,Yes,POINT (14.999 37.748)
3,Etna,2010,Lava Flow,2,2010-08-25,2010-09-15,37.748,14.999,100,2.0,Medium,30,Moderate,Yes,POINT (14.999 37.748)
4,Etna,2007,Lava Flow,2,2007-03-19,2007-04-04,37.748,14.999,75,1.8,Medium,40,Moderate,Yes,POINT (14.999 37.748)
6,Etna,2004,Lava Flow,1,2004-09-07,2005-03-08,37.748,14.999,120,2.5,Medium,60,Moderate,Yes,POINT (14.999 37.748)
7,Etna,2002,Pyroclastic Flow,3,2002-11-23,2002-12-10,37.748,14.999,220,5.0,High,120,Severe,Yes,POINT (14.999 37.748)
8,Etna,2001,Volcanic Ash,2,2001-12-16,2001-12-22,37.748,14.999,60,1.5,Medium,150,Moderate,Yes,POINT (14.999 37.748)
9,Etna,1999,Lava Flow,2,1999-08-01,1999-08-10,37.748,14.999,80,2.2,Medium,70,Moderate,Yes,POINT (14.999 37.748)
10,Etna,1994,Lava Flow,2,1994-06-17,1994-06-30,37.748,14.999,90,3.0,Medium,80,Moderate,Yes,POINT (14.999 37.748)
