﻿Frequency,Territory,Indicator,Gender,Age class,Year,Observation,Observation status,Note - Territory,Note - Indicator,Note - Gender,Note - Age class,Note - Legal marital status,Note - Citizenship,Note - Geographical area and countries of citizenship,Note - Place of usual residence 1 year earlier than the current residence,Note - Dataset
Annual,Catania,Resident population,Males,Until 4 years,2022,'6,652',,,,,,,,'All items: it represents the total number of foreign communities, including those not in the ranking.',,
Annual,Catania,Resident population,Males,5-9 years,2022,'7,251',,,,,,,,'All items: it represents the total number of foreign communities, including those not in the ranking.',,
Annual,Catania,Resident population,Males,10-14 years,2022,'7,540',,,,,,,,'All items: it represents the total number of foreign communities, including those not in the ranking.',,
Annual,Catania,Resident population,Males,15-19 years,2022,'8,046',,,,,,,,'All items: it represents the total number of foreign communities, including those not in the ranking.',,
Annual,Catania,Resident population,Males,20-24 years,2022,'8,126',,,,,,,,'All items: it represents the total number of foreign communities, including those not in the ranking.',,
Annual,Catania,Resident population,Males,25-29 years,2022,'8,414',,,,,,,,'All items: it represents the total number of foreign communities, including those not in the ranking.',,
Annual,Catania,Resident population,Males,30-34 years,2022,'8,977',,,,,,,,'All items: it represents the total number of foreign communities, including those not in the ranking.',,
Annual,Catania,Resident population,Males,35-39 years,2022,'8,861',,,,,,,,'All items: it represents the total number of foreign communities, including those not in the ranking.',,
Annual,Catania,Resident population,Males,40-44 years,2022,'9,591',,,,,,,,'All items: it represents the total number of foreign communities, including those not in the ranking.',,
Annual,Catania,Resident population,Males,45-49 years,2022,'10,670',,,,,,,,'All items: it represents the total number of foreign communities, including those not in the ranking.',,
Annual,Catania,Resident population,Males,50-54 years,2022,'10,968',,,,,,,,'All items: it represents the total number of foreign communities, including those not in the ranking.',,
Annual,Catania,Resident population,Males,55-59 years,2022,'10,951',,,,,,,,'All items: it represents the total number of foreign communities, including those not in the ranking.',,
Annual,Catania,Resident population,Males,60-64 years,2022,'9,634',,,,,,,,'All items: it represents the total number of foreign communities, including those not in the ranking.',,
Annual,Catania,Resident population,Males,65-69 years,2022,'8,498',,,,,,,,'All items: it represents the total number of foreign communities, including those not in the ranking.',,
Annual,Catania,Resident population,Males,70-74 years,2022,'7,364',,,,,,,,'All items: it represents the total number of foreign communities, including those not in the ranking.',,
Annual,Catania,Resident population,Males,75-79 years,2022,'5,639',,,,,,,,'All items: it represents the total number of foreign communities, including those not in the ranking.',,
Annual,Catania,Resident population,Males,80-84 years,2022,'3,863',,,,,,,,'All items: it represents the total number of foreign communities, including those not in the ranking.',,
Annual,Catania,Resident population,Males,85-89 years,2022,'2,195',,,,,,,,'All items: it represents the total number of foreign communities, including those not in the ranking.',,
Annual,Catania,Resident population,Males,90-94 years,2022,828,,,,,,,,'All items: it represents the total number of foreign communities, including those not in the ranking.',,
Annual,Catania,Resident population,Males,95-99 years,2022,154,,,,,,,,'All items: it represents the total number of foreign communities, including those not in the ranking.',,
Annual,Catania,Resident population,Males,100 years and over,2022,34,,,,,,,,'All items: it represents the total number of foreign communities, including those not in the ranking.',,
Annual,Catania,Resident population,Males,Total,2022,'144,256',,,,,,,,'All items: it represents the total number of foreign communities, including those not in the ranking.',,
Annual,Catania,Resident population,Females,Until 4 years,2022,'6,232',,,,,,,,'All items: it represents the total number of foreign communities, including those not in the ranking.',,
Annual,Catania,Resident population,Females,5-9 years,2022,'6,765',,,,,,,,'All items: it represents the total number of foreign communities, including those not in the ranking.',,
Annual,Catania,Resident population,Females,10-14 years,2022,'7,168',,,,,,,,'All items: it represents the total number of foreign communities, including those not in the ranking.',,
Annual,Catania,Resident population,Females,15-19 years,2022,'7,528',,,,,,,,'All items: it represents the total number of foreign communities, including those not in the ranking.',,
Annual,Catania,Resident population,Females,20-24 years,2022,'7,510',,,,,,,,'All items: it represents the total number of foreign communities, including those not in the ranking.',,
Annual,Catania,Resident population,Females,25-29 years,2022,'7,896',,,,,,,,'All items: it represents the total number of foreign communities, including those not in the ranking.',,
Annual,Catania,Resident population,Females,30-34 years,2022,'8,777',,,,,,,,'All items: it represents the total number of foreign communities, including those not in the ranking.',,
Annual,Catania,Resident population,Females,35-39 years,2022,'8,797',,,,,,,,'All items: it represents the total number of foreign communities, including those not in the ranking.',,
Annual,Catania,Resident population,Females,40-44 years,2022,'9,585',,,,,,,,'All items: it represents the total number of foreign communities, including those not in the ranking.',,
Annual,Catania,Resident population,Females,45-49 years,2022,'10,926',,,,,,,,'All items: it represents the total number of foreign communities, including those not in the ranking.',,
Annual,Catania,Resident population,Females,50-54 years,2022,'11,509',,,,,,,,'All items: it represents the total number of foreign communities, including those not in the ranking.',,
Annual,Catania,Resident population,Females,55-59 years,2022,'11,716',,,,,,,,'All items: it represents the total number of foreign communities, including those not in the ranking.',,
Annual,Catania,Resident population,Females,60-64 years,2022,'10,931',,,,,,,,'All items: it represents the total number of foreign communities, including those not in the ranking.',,
Annual,Catania,Resident population,Females,65-69 years,2022,'10,099',,,,,,,,'All items: it represents the total number of foreign communities, including those not in the ranking.',,
Annual,Catania,Resident population,Females,70-74 years,2022,'8,972',,,,,,,,'All items: it represents the total number of foreign communities, including those not in the ranking.',,
Annual,Catania,Resident population,Females,75-79 years,2022,'7,759',,,,,,,,'All items: it represents the total number of foreign communities, including those not in the ranking.',,
Annual,Catania,Resident population,Females,80-84 years,2022,'6,235',,,,,,,,'All items: it represents the total number of foreign communities, including those not in the ranking.',,
Annual,Catania,Resident population,Females,85-89 years,2022,'4,328',,,,,,,,'All items: it represents the total number of foreign communities, including those not in the ranking.',,
Annual,Catania,Resident population,Females,90-94 years,2022,'2,100',,,,,,,,'All items: it represents the total number of foreign communities, including those not in the ranking.',,
Annual,Catania,Resident population,Females,95-99 years,2022,553,,,,,,,,'All items: it represents the total number of foreign communities, including those not in the ranking.',,
Annual,Catania,Resident population,Females,100 years and over,2022,88,,,,,,,,'All items: it represents the total number of foreign communities, including those not in the ranking.',,
Annual,Catania,Resident population,Females,Total,2022,'155,474',,,,,,,,'All items: it represents the total number of foreign communities, including those not in the ranking.',,
Annual,Catania,Resident population,Total,Until 4 years,2022,'12,884',,,,,,,,'All items: it represents the total number of foreign communities, including those not in the ranking.',,
Annual,Catania,Resident population,Total,5-9 years,2022,'14,016',,,,,,,,'All items: it represents the total number of foreign communities, including those not in the ranking.',,
Annual,Catania,Resident population,Total,10-14 years,2022,'14,708',,,,,,,,'All items: it represents the total number of foreign communities, including those not in the ranking.',,
Annual,Catania,Resident population,Total,15-19 years,2022,'15,574',,,,,,,,'All items: it represents the total number of foreign communities, including those not in the ranking.',,
Annual,Catania,Resident population,Total,20-24 years,2022,'15,636',,,,,,,,'All items: it represents the total number of foreign communities, including those not in the ranking.',,
Annual,Catania,Resident population,Total,25-29 years,2022,'16,310',,,,,,,,'All items: it represents the total number of foreign communities, including those not in the ranking.',,
Annual,Catania,Resident population,Total,30-34 years,2022,'17,754',,,,,,,,'All items: it represents the total number of foreign communities, including those not in the ranking.',,
Annual,Catania,Resident population,Total,35-39 years,2022,'17,658',,,,,,,,'All items: it represents the total number of foreign communities, including those not in the ranking.',,
Annual,Catania,Resident population,Total,40-44 years,2022,'19,176',,,,,,,,'All items: it represents the total number of foreign communities, including those not in the ranking.',,
Annual,Catania,Resident population,Total,45-49 years,2022,'21,596',,,,,,,,'All items: it represents the total number of foreign communities, including those not in the ranking.',,
Annual,Catania,Resident population,Total,50-54 years,2022,'22,477',,,,,,,,'All items: it represents the total number of foreign communities, including those not in the ranking.',,
Annual,Catania,Resident population,Total,55-59 years,2022,'22,667',,,,,,,,'All items: it represents the total number of foreign communities, including those not in the ranking.',,
Annual,Catania,Resident population,Total,60-64 years,2022,'20,565',,,,,,,,'All items: it represents the total number of foreign communities, including those not in the ranking.',,
Annual,Catania,Resident population,Total,65-69 years,2022,'18,597',,,,,,,,'All items: it represents the total number of foreign communities, including those not in the ranking.',,
Annual,Catania,Resident population,Total,70-74 years,2022,'16,336',,,,,,,,'All items: it represents the total number of foreign communities, including those not in the ranking.',,
Annual,Catania,Resident population,Total,75-79 years,2022,'13,398',,,,,,,,'All items: it represents the total number of foreign communities, including those not in the ranking.',,
Annual,Catania,Resident population,Total,80-84 years,2022,'10,098',,,,,,,,'All items: it represents the total number of foreign communities, including those not in the ranking.',,
Annual,Catania,Resident population,Total,85-89 years,2022,'6,523',,,,,,,,'All items: it represents the total number of foreign communities, including those not in the ranking.',,
Annual,Catania,Resident population,Total,90-94 years,2022,'2,928',,,,,,,,'All items: it represents the total number of foreign communities, including those not in the ranking.',,
Annual,Catania,Resident population,Total,95-99 years,2022,707,,,,,,,,'All items: it represents the total number of foreign communities, including those not in the ranking.',,
Annual,Catania,Resident population,Total,100 years and over,2022,122,,,,,,,,'All items: it represents the total number of foreign communities, including those not in the ranking.',,
Annual,Catania,Resident population,Total,Total,2022,'299,730',,,,,,,,'All items: it represents the total number of foreign communities, including those not in the ranking.',,
